,test_Accuracy,test_CohenKappa,test_F1,test_Recall,test_Precision,auc,pr
0,0.7128713,0.42692232,0.71275866,0.7140895,0.71493304,0.7813972,0.77403647
