,test_Accuracy,test_CohenKappa,test_F1,test_Recall,test_Precision,auc,pr
0,0.6633663,0.32214767,0.6576954,0.6601256,0.6687345,0.7670722,0.77851367
