,test_Accuracy,test_CohenKappa,test_F1,test_Recall,test_Precision,auc,pr
0,0.6732673,0.34325123,0.6700327,0.67091835,0.67574656,0.74568284,0.75435245
