,test_Accuracy,test_CohenKappa,test_F1,test_Recall,test_Precision,auc,pr
0,0.56435645,0.14109004,0.5405294,0.5716248,0.5935898,0.600471,0.62022185
