,test_Accuracy,test_CohenKappa,test_F1,test_Recall,test_Precision,auc,pr
0,0.7128713,0.42353868,0.7110585,0.711146,0.71451354,0.771978,0.78639036
